<application>
  <component name="TextDiffSettings">
    <option name="PLACES_MAP">
      <entry key="Default">
        <PlaceSettings>
          <option name="IGNORE_POLICY" value="IGNORE_WHITESPACES" />
          <option name="USE_SOFT_WRAPS" value="true" />
        </PlaceSettings>
      </entry>
      <entry key="DirDiff">
        <PlaceSettings>
          <option name="IGNORE_POLICY" value="IGNORE_WHITESPACES" />
        </PlaceSettings>
      </entry>
      <entry key="TestsFiledAssertions">
        <PlaceSettings>
          <option name="USE_SOFT_WRAPS" value="true" />
        </PlaceSettings>
      </entry>
    </option>
  </component>
</application>