<application>
  <component name="FileTypeManager" version="17">
    <extensionMap>
      <mapping ext="gradle.kts" type="Kotlin" />
      <mapping ext="main.kts" type="Kotlin" />
      <mapping pattern=".dockerignore" type="PLAIN_TEXT" />
      <mapping pattern="aa" type="PLAIN_TEXT" />
      <mapping ext="lock" type="PLAIN_TEXT" />
      <mapping ext="bin" type="PLAIN_TEXT" />
      <mapping ext="ci" type="PLAIN_TEXT" />
      <removed_mapping ext="bat" approved="true" type="PLAIN_TEXT" />
      <removed_mapping ext="cmd" approved="true" type="PLAIN_TEXT" />
      <mapping ext="dml" type="SQL" />
      <mapping ext="gml" type="XML" />
      <removed_mapping ext="bat" approved="true" type="PLAIN_TEXT" />
      <removed_mapping ext="log" approved="true" type="PLAIN_TEXT" />
      <removed_mapping ext="dockerfile" approved="true" type="textmate" />
      <removed_mapping ext="makefile" approved="true" type="textmate" />
      <removed_mapping ext="cmd" approved="true" type="PLAIN_TEXT" />
      <removed_mapping ext="snakefile" approved="true" type="textmate" />
    </extensionMap>
  </component>
</application>