<application>
  <component name="RemoteServers">
    <remote-server name="Docker" type="docker">
      <configuration>
        <option name="apiUrl" value="unix:///var/run/docker.sock" />
      </configuration>
    </remote-server>
    <remote-server name="Docker-local" type="docker">
      <configuration>
        <option name="apiUrl" value="unix:///var/run/docker.sock" />
        <option name="certificatesPath" />
      </configuration>
    </remote-server>
    <remote-server name="Docker3" type="docker">
      <configuration>
        <option name="apiUrl" value="unix:///var/run/docker.sock" />
      </configuration>
    </remote-server>
  </component>
</application>