<keymap version="1" name="Mac OS X 10.5+ copy" parent="Mac OS X 10.5+">
  <action id="ActivatePullRequestsToolWindow">
    <keyboard-shortcut first-keystroke="alt p" />
  </action>
  <action id="Annotate">
    <keyboard-shortcut first-keystroke="alt a" />
  </action>
  <action id="DebugClass">
    <keyboard-shortcut first-keystroke="shift ctrl d" />
    <keyboard-shortcut first-keystroke="shift meta x" />
  </action>
  <action id="EditorDeleteLine">
    <keyboard-shortcut first-keystroke="meta back_space" />
    <keyboard-shortcut first-keystroke="alt d" />
  </action>
  <action id="EditorSelectWord">
    <keyboard-shortcut first-keystroke="alt up" />
    <keyboard-shortcut first-keystroke="alt w" />
  </action>
  <action id="Educational.Check">
    <keyboard-shortcut first-keystroke="alt c" />
  </action>
  <action id="Educational.NextTask">
    <mouse-shortcut keystroke="meta button2" />
  </action>
  <action id="Git.Branches">
    <keyboard-shortcut first-keystroke="alt b" />
  </action>
  <action id="Git.Rebase">
    <keyboard-shortcut first-keystroke="alt r" />
  </action>
  <action id="MethodDown">
    <keyboard-shortcut first-keystroke="ctrl down" />
    <keyboard-shortcut first-keystroke="shift ctrl down" />
  </action>
  <action id="MethodUp">
    <keyboard-shortcut first-keystroke="ctrl up" />
    <keyboard-shortcut first-keystroke="shift ctrl up" />
  </action>
  <action id="Scala.ShowImplicits">
    <keyboard-shortcut first-keystroke="shift ctrl alt equals" />
    <keyboard-shortcut first-keystroke="shift ctrl alt add" />
  </action>
  <action id="Vcs.ShowTabbedFileHistory">
    <keyboard-shortcut first-keystroke="alt h" />
  </action>
</keymap>